<application>
  <component name="LafManager">
    <laf themeId="CUSTOM" />
    <lafs-to-previous-schemes>
      <laf-to-scheme laf="CUSTOM" scheme="_@user_Moonlight (Material)" />
      <laf-to-scheme laf="DEEPOCEAN" scheme="_@user_Material Oceanic" />
      <laf-to-scheme laf="FOREST" scheme="_@user_Material Darker" />
      <laf-to-scheme laf="GITHUB" scheme="_@user_Darcula" />
      <laf-to-scheme laf="GITHUB_DARK" scheme="_@user_Dracula (Material)" />
      <laf-to-scheme laf="NIGHT_OWL" scheme="_@user_Darcula" />
      <laf-to-scheme laf="OCEANIC" scheme="_@user_Darcula" />
      <laf-to-scheme laf="ONE_DARK" scheme="_@user_Arc Dark (Material)" />
    </lafs-to-previous-schemes>
  </component>
</application>