<application>
  <component name="MaterialThemeNewConfig">
    <option name="accentState">
      <MTAccentConfigState>
        <option name="accentColorHex" value="009688" />
      </MTAccentConfigState>
    </option>
    <option name="customThemeState">
      <MTCustomThemeConfigState>
        <option name="colorScheme" value="_@user_Moonlight (Material)" />
      </MTCustomThemeConfigState>
    </option>
    <option name="lightCustomThemeState">
      <MTLightCustomThemeConfigState>
        <option name="colorScheme" value="_@user_Moonlight (Material)" />
      </MTLightCustomThemeConfigState>
    </option>
    <option name="metadata">
      <MTMetadataState>
        <option name="pristineConfig" value="false" />
        <option name="userId" value="26444b69:1972372a643:-8000" />
        <option name="version" value="9.8.1" />
        <option name="wizardShown" value="true" />
      </MTMetadataState>
    </option>
    <option name="projectTreeState">
      <MTProjectTreeConfigState>
        <option name="customTreeIndentEnabled" value="true" />
        <option name="treeFont" value="JetBrains Mono ExtraBold" />
        <option name="treeFontEnabled" value="true" />
        <option name="treeFontSize" value="14" />
        <option name="useColoredDirectories" value="true" />
      </MTProjectTreeConfigState>
    </option>
    <option name="tabsState">
      <MTTabsConfigState>
        <option name="activeBoldTab" value="true" />
        <option name="roundedTabs" value="true" />
        <option name="tabHighlightPosition" value="Topless" />
        <option name="tabHighlightPositionName" value="TOPLESS" />
      </MTTabsConfigState>
    </option>
    <option name="themeState">
      <MTThemeConfigState>
        <option name="selectedThemeName" value="CUSTOM" />
      </MTThemeConfigState>
    </option>
    <option name="uiComponentsState">
      <MTUiComponentsConfigState>
        <option name="borderedButtons" value="true" />
        <option name="useShadows" value="true" />
      </MTUiComponentsConfigState>
    </option>
  </component>
</application>