<application>
  <component name="WindowManager">
    <frame x="260" y="20" width="1400" height="1000" extendedState="6" />
  </component>
  <component name="WindowStateApplicationService">
    <state width="589" height="144" key="ShowUsagesActions.dimensionServiceKey" timestamp="1749512350507">
      <screen x="0" y="0" width="1920" height="1040" />
    </state>
    <state width="589" height="144" key="ShowUsagesActions.dimensionServiceKey/0.0.1920.1040" timestamp="1749512350507" />
  </component>
</application>