<code_scheme name="Default" version="173">
  <JSCodeStyleSettings version="0">
    <option name="FORCE_SEMICOLON_STYLE" value="true" />
    <option name="FORCE_QUOTE_STYlE" value="true" />
    <option name="ENFORCE_TRAILING_COMMA" value="WhenMultiline" />
    <option name="IMPORTS_WRAP" value="0" />
    <option name="BLANK_LINES_AROUND_FUNCTION" value="2" />
    <option name="IMPORT_SORT_MODULE_NAME" value="true" />
    <option name="IMPORT_PREFER_ABSOLUTE_PATH" value="TRUE" />
  </JSCodeStyleSettings>
  <TypeScriptCodeStyleSettings version="0">
    <option name="FORCE_SEMICOLON_STYLE" value="true" />
    <option name="BLANK_LINES_AROUND_FUNCTION" value="2" />
    <option name="IMPORT_SORT_MODULE_NAME" value="true" />
    <option name="IMPORT_PREFER_ABSOLUTE_PATH" value="TRUE" />
  </TypeScriptCodeStyleSettings>
  <codeStyleSettings language="JavaScript">
    <option name="BLANK_LINES_AROUND_METHOD" value="2" />
  </codeStyleSettings>
  <codeStyleSettings language="TypeScript">
    <option name="BLANK_LINES_AROUND_METHOD" value="2" />
  </codeStyleSettings>
</code_scheme>